Name,Math,Science,English,History,Computer

Kashiling,95,96,94,93,98
Tejas,92,91,90,89,94
Pranav,90,89,91,88,92
Pavan,88,87,85,86,90
Pooja,91,90,92,89,95
Prachi,89,88,90,87,91
Prathmesh,87,86,85,88,89
Harsh,86,85,84,83,88
Jayesh,85,84,83,82,87
Rohit,82,80,81,79,85
Sneha,90,92,91,89,93
Anjali,88,87,89,86,90
Vikas,84,83,82,80,85
Nikhil,86,88,87,85,89
Amit,78,75,77,74,80
Rahul,80,78,79,76,82
Suresh,70,68,69,67,72
Mahesh,72,70,71,69,74
Ramesh,68,66,67,65,70
Ganesh,75,73,74,72,78
Deepak,77,76,75,73,79
Kiran,83,82,81,80,85
Sunil,74,72,73,71,76
Manoj,76,75,74,72,78
Arjun,88,90,89,87,91
Varun,81,80,79,78,83
Shubham,85,87,86,84,88
Akash,79,77,78,76,81
Yash,84,83,82,81,86
Rajat,73,71,72,70,75
Sanjay,69,67,68,66,71
Vijay,71,69,70,68,73
Ajay,67,65,66,64,69
Pankaj,82,81,80,79,84
Nitin,78,77,76,75,80
Sameer,80,79,78,77,82
Mohit,83,85,84,82,86
Gaurav,81,82,83,80,85
Tarun,74,76,75,73,78
Ravi,72,73,74,71,76
Sahil,86,88,87,85,89
Neha,91,90,92,89,94
Kavita,88,89,90,87,91
Pallavi,87,86,88,85,90
Swati,85,84,86,83,88
Ritu,83,82,84,81,86
Komal,82,81,83,80,85
Meena,80,79,81,78,83
Ankita,89,91,90,88,92
Divya,90,92,91,89,93
Shweta,88,87,89,86,90